"","commune_station","w_typ","w_typ_de","station_symbol","quant_class","longitude","latitude","type_ouvrage","niveau_categorie"
"1","Areuse - St-Sulpice","Cours d'eau",NA,1,1,6.55889467174402,46.9106329688718,"Cours d'eau","Bas (< 10ème perzentile)"
"2","Basel","Puits","Förderbrunnen",1,1,7.5702962297676,47.5555043611785,"Puits","Bas (< 10ème perzentile)"
"3","Bettwil","Puits","Förderbrunnen",1,1,8.26728769462514,47.2851020937942,"Puits","Bas (< 10ème perzentile)"
"4","Brittnau","Puits","Förderbrunnen",1,1,7.94546272207173,47.2754603135225,"Puits","Bas (< 10ème perzentile)"
"5","Emmen, Marienkirche 6","Puits","Förderbrunnen",1,2,8.28452157514284,47.071186652516,"Puits","Normal (10ème - 90ème perzentile)"
"6","Giubiasco","Puits","Förderbrunnen",1,2,8.97503645127413,46.1673009816492,"Puits","Normal (10ème - 90ème perzentile)"
"7","Lucens 1","Puits","Förderbrunnen",1,2,6.8560050440582,46.7174375681864,"Puits","Normal (10ème - 90ème perzentile)"
"8","Luterbach","Puits","Förderbrunnen",1,2,7.5983828980187,47.2226649023974,"Puits","Normal (10ème - 90ème perzentile)"
"9","Märstetten","Puits","Förderbrunnen",1,1,9.05804205070187,47.5778842704853,"Puits","Bas (< 10ème perzentile)"
"10","Näfels, Erlen","Puits","Förderbrunnen",1,1,9.05793687932398,47.0828667111608,"Puits","Bas (< 10ème perzentile)"
"11","Pratteln","Puits","Förderbrunnen",1,2,7.70695981518601,47.5277573989259,"Puits","Normal (10ème - 90ème perzentile)"
"12","Pregassona","Puits","Förderbrunnen",1,2,8.96380595497886,46.0186568665348,"Puits","Normal (10ème - 90ème perzentile)"
"13","Dietikon","Eaux souterraines","Grundwasser",1,2,8.39680201600774,47.4113960874918,"Eaux souterraines","Normal (10ème - 90ème perzentile)"
"14","Goldingen","Eaux souterraines","Grundwasser",1,1,8.97141717628399,47.2638573552159,"Eaux souterraines","Bas (< 10ème perzentile)"
"15","Savigny 2, Chalet des Humbert","Eaux souterraines","Grundwasser",1,0,6.71955198615524,46.5592109476228,"Eaux souterraines","Indisponible / Non mesuré"
"16","Buechberg","Piézomètre","Piezometer",1,2,8.72069248557733,47.6742650138729,"Piézomètre","Normal (10ème - 90ème perzentile)"
"17","Ermensee, Chilchfeld NQG25","Piézomètre","Piezometer",1,1,8.25043607352411,47.2278785240266,"Piézomètre","Bas (< 10ème perzentile)"
"18","Hasle - Kalchofen (G224)","Piézomètre","Piezometer",1,1,7.65199178636169,47.0180525356926,"Piézomètre","Bas (< 10ème perzentile)"
"19","HG2851 Sennwald, Salez, Bifang","Piézomètre","Piezometer",1,1,9.50517431435645,47.2397469796797,"Piézomètre","Bas (< 10ème perzentile)"
"20","HG8755 Gossau (SG), Hirschberg","Piézomètre","Piezometer",1,1,9.26758548787793,47.4126353115237,"Piézomètre","Bas (< 10ème perzentile)"
"21","Kestenholz","Piézomètre","Piezometer",1,2,7.75338284158197,47.2895815527076,"Piézomètre","Normal (10ème - 90ème perzentile)"
"22","Moleno","Piézomètre","Piezometer",1,2,8.99157408612822,46.274584383474,"Piézomètre","Normal (10ème - 90ème perzentile)"
"23","Niederbipp - Walksmatt (G229)","Piézomètre","Piezometer",1,2,7.71879361487277,47.2731205657201,"Piézomètre","Normal (10ème - 90ème perzentile)"
"24","Oberwichtrach - Stockeren (G148)","Piézomètre","Piezometer",1,1,7.57095463116735,46.833799033764,"Piézomètre","Bas (< 10ème perzentile)"
"25","Schaffhausen, Roggenäcker","Piézomètre","Piezometer",1,2,8.66216979352002,47.7016453982502,"Piézomètre","Normal (10ème - 90ème perzentile)"
"26","Soral","Piézomètre","Piezometer",1,3,6.04627421321537,46.1431808337701,"Piézomètre","Haut (> 90ème perzentile)"
"27","Trub 2","Piézomètre","Piezometer",1,1,7.87775109910167,46.9400796335474,"Piézomètre","Bas (< 10ème perzentile)"
"28","Utzenstorf - Lindenrain (G186)","Piézomètre","Piezometer",1,1,7.58266806631266,47.1228435728973,"Piézomètre","Bas (< 10ème perzentile)"
"29","Vétroz, SHGN, 313863","Piézomètre","Piezometer",1,0,7.28816166965833,46.2045701555912,"Piézomètre","Indisponible / Non mesuré"
"30","Wilchingen, Tobel","Piézomètre","Piezometer",1,0,8.45349625266316,47.6711953062949,"Piézomètre","Indisponible / Non mesuré"
"31","Worben - Mühligrien (G126)","Piézomètre","Piezometer",1,3,7.30518320438158,47.1029753405936,"Piézomètre","Haut (> 90ème perzentile)"
"32","Abtwil","Source","Quelle",1,1,9.31762531258926,47.4323628448882,"Source","Bas (< 10ème perzentile)"
"33","Airolo","Source","Quelle",1,1,8.5930747128176,46.5364394149021,"Source","Bas (< 10ème perzentile)"
"34","Alt St. Johann","Source","Quelle",1,1,9.27981730293428,47.1937531890988,"Source","Bas (< 10ème perzentile)"
"35","Andermatt","Source","Quelle",1,1,8.58741310447238,46.6124635605319,"Source","Bas (< 10ème perzentile)"
"36","Bever","Source","Quelle",1,1,9.88314326303113,46.5557364869331,"Source","Bas (< 10ème perzentile)"
"37","Boncourt","Source","Quelle",1,2,7.00222042234051,47.4640117131112,"Source","Normal (10ème - 90ème perzentile)"
"38","Brot-Dessous","Source","Quelle",1,2,6.74574113971016,46.9524436607029,"Source","Normal (10ème - 90ème perzentile)"
"39","Cormoret, Source de la Dou","Source","Quelle",1,0,7.04203141488577,47.1666346954168,"Source","Indisponible / Non mesuré"
"40","Delémont","Source","Quelle",1,2,7.34290662786739,47.3684442842195,"Source","Normal (10ème - 90ème perzentile)"
"41","Enney, La Léchire (Les Frassettes)","Source","Quelle",1,2,7.07096855223171,46.5582221789359,"Source","Normal (10ème - 90ème perzentile)"
"42","Freienstein","Source","Quelle",1,3,8.59593416007055,47.546647713744,"Source","Haut (> 90ème perzentile)"
"43","Hausen","Source","Quelle",1,1,8.55373444076583,47.2380706830133,"Source","Bas (< 10ème perzentile)"
"44","Heitenried","Source","Quelle",1,2,7.31175096472945,46.8350624014045,"Source","Normal (10ème - 90ème perzentile)"
"45","Hellikon 1","Source","Quelle",1,2,7.92805755543284,47.5108373121532,"Source","Normal (10ème - 90ème perzentile)"
"46","Hundwil","Source","Quelle",1,1,9.3197188959561,47.365554823497,"Source","Bas (< 10ème perzentile)"
"47","Innertkirchen, Wyler","Source","Quelle",1,1,8.2400487032328,46.7074937376409,"Source","Bas (< 10ème perzentile)"
"48","L'Abbaye","Source","Quelle",1,1,6.32231972521938,46.6465046492687,"Source","Bas (< 10ème perzentile)"
"49","Lenk","Source","Quelle",1,2,7.43779612805108,46.4225094893746,"Source","Normal (10ème - 90ème perzentile)"
"50","Mezzovico, Vira","Source","Quelle",1,2,8.91805109247429,46.0954729552533,"Source","Normal (10ème - 90ème perzentile)"
"51","Montmagny - La Molliettaz","Source","Quelle",1,2,7.01055733199342,46.930489258819,"Source","Normal (10ème - 90ème perzentile)"
"52","Mund","Source","Quelle",1,1,7.94745392817714,46.3251616151488,"Source","Bas (< 10ème perzentile)"
"53","Oberdorf, Quelle Ursprung","Source","Quelle",1,1,8.40376431308667,46.9362727669248,"Source","Bas (< 10ème perzentile)"
"54","Oberegg - St. Anton","Source","Quelle",1,2,9.53821982139567,47.4115611071607,"Source","Normal (10ème - 90ème perzentile)"
"55","Obersaxen","Source","Quelle",1,1,9.0661325604849,46.709601902227,"Source","Bas (< 10ème perzentile)"
"56","Parpan","Source","Quelle",1,2,9.56551728788649,46.7491183170168,"Source","Normal (10ème - 90ème perzentile)"
"57","Poschiavo QUANT","Source","Quelle",1,1,10.0786804746732,46.2986037488969,"Source","Bas (< 10ème perzentile)"
"58","Weisslingen","Source","Quelle",1,3,8.76849773037718,47.4321396887361,"Source","Haut (> 90ème perzentile)"
"59","Zeiningen, Bachtalen 1","Source","Quelle",1,1,7.86663057874358,47.5399778720596,"Source","Bas (< 10ème perzentile)"
"60","Muotathal","Cours d'eau","Schlichenden Brünnen",1,1,8.78428416533304,46.9731258246614,"Cours d'eau","Bas (< 10ème perzentile)"
"61","Zürich, Aussersihl-Zweierplatz","Eaux souterraines","Sihl",1,2,8.52703695686457,47.3734084158395,"Eaux souterraines","Normal (10ème - 90ème perzentile)"
"62","Davos - Boden","Piézomètre","Piezometer",1,2,9.88374414921786,46.7690572511972,"Piézomètre","Normal (10ème - 90ème perzentile)"
"63","Lamone - Kieswerk","Piézomètre","Piezometer",1,2,8.92908134787205,46.0405080612074,"Piézomètre","Normal (10ème - 90ème perzentile)"
"64","Maienfeld","Piézomètre","Piezometer",1,1,9.53414554236238,46.9948628538349,"Piézomètre","Bas (< 10ème perzentile)"
"65","Pfäfers-Vättis - Wisliquelle","Source","Quelle",1,1,9.42902455139373,46.897640517202,"Source","Bas (< 10ème perzentile)"
"66","Samedan B - Flugplatz","Piézomètre","Piezometer",1,2,9.87481771151041,46.5258553523037,"Piézomètre","Normal (10ème - 90ème perzentile)"
"67","Glarus-Mitte - Brunnenstübli Quelle","Source","Quelle",1,1,9.04028613926742,47.038318896051,"Source","Bas (< 10ème perzentile)"
"68","Stans 2 - Obermilchbrunnen","Puits","Förderbrunnen",1,1,8.37610805200493,46.9612858711671,"Puits","Bas (< 10ème perzentile)"
"69","Massongex - Le Peiloz","Piézomètre","Piezometer",1,0,6.98306076068729,46.2476120762381,"Piézomètre","Indisponible / Non mesuré"
"70","Visp - Untere Wehreye, VQ37","Piézomètre","Piezometer",1,0,7.86922290696288,46.299335009094,"Piézomètre","Indisponible / Non mesuré"
"71","Crêtelongue Lm4","Piézomètre","Piezometer",1,0,7.48135552403005,46.2646556024726,"Piézomètre","Indisponible / Non mesuré"
"72","Lostorf - Vollbrunnenquelle","Source","Quelle",1,3,7.92529515081977,47.3931057265369,"Source","Haut (> 90ème perzentile)"
"73","Grono 38M","Piézomètre","Piezometer",1,2,9.15236393535992,46.2456741180823,"Piézomètre","Normal (10ème - 90ème perzentile)"
"74","Bachhaltenquellen - Grindelwald","Source","Quelle",1,1,8.01675700384287,46.6381456602836,"Source","Bas (< 10ème perzentile)"
"75","Hohentannen","Source","Quelle",1,1,9.21400113045298,47.5151651003234,"Source","Bas (< 10ème perzentile)"
"76","Weggis - Telli","Source","Quelle",1,0,8.44248953226226,47.0421629467199,"Source","Indisponible / Non mesuré"
"77","Willisau Land - Chellen","Source","Quelle",1,1,8.01430907841305,47.1284660821801,"Source","Bas (< 10ème perzentile)"
"78","Herbetswil - Hammerrainquelle","Source","Quelle",1,1,7.55643759890719,47.2832036965135,"Source","Bas (< 10ème perzentile)"
